{
  "parent": "minecraft:recipes/root",
  "criteria": {
    "has_bismuth_deepslate_ore": {
      "conditions": {
        "items": [
          {
            "items": "cosmicdungeon:bismuth_deepslate_ore"
          }
        ]
      },
      "trigger": "minecraft:inventory_changed"
    },
    "has_the_recipe": {
      "conditions": {
        "recipe": "cosmicdungeon:bismuth_from_blasting_bismuth_deepslate_ore"
      },
      "trigger": "minecraft:recipe_unlocked"
    }
  },
  "requirements": [
    [
      "has_the_recipe",
      "has_bismuth_deepslate_ore"
    ]
  ],
  "rewards": {
    "recipes": [
      "cosmicdungeon:bismuth_from_blasting_bismuth_deepslate_ore"
    ]
  }
}