{
  "variants": {
    "facing=up":    { "model": "cosmicdungeon:block/colored_amethyst_bud_small" },
    "facing=down":  { "model": "cosmicdungeon:block/colored_amethyst_bud_small", "x": 180 },
    "facing=north": { "model": "cosmicdungeon:block/colored_amethyst_bud_small", "x": 90, "y": 180 },
    "facing=south": { "model": "cosmicdungeon:block/colored_amethyst_bud_small", "x": 90, "y": 0 },
    "facing=west":  { "model": "cosmicdungeon:block/colored_amethyst_bud_small", "x": 90, "y": 90 },
    "facing=east":  { "model": "cosmicdungeon:block/colored_amethyst_bud_small", "x": 90, "y": 270 }
  }
}
